[
  {
    "title": "健身時間",
    "start_time": "2025-05-30T15:00:00",
    "end_time": "2025-05-30T16:00:00",
    "description": "健身鍛鍊身體，保持健康"
  },
  {
    "title": "讀書時間",
    "start_time": "2025-05-30T13:00:00",
    "end_time": "2025-05-31T18:00:00",
    "description": "專注於讀書與學習"
  },
  {
    "title": "開會",
    "start_time": "2025-05-31T09:00:00",
    "end_time": "2025-06-01T18:00:00",
    "description": "參加會議，討論重要事項"
  },
  {
    "title": "英文讀書時間",
    "start_time": "2025-05-31T09:00:00",
    "end_time": "2025-05-31T10:30:00",
    "description": "專注英文單字與閱讀訓練"
  },
  {
    "title": "休息時間",
    "start_time": "2025-05-31T10:30:00",
    "end_time": "2025-05-31T11:00:00",
    "description": "適當休息，補充能量"
  },
  {
    "title": "數學練習時間",
    "start_time": "2025-05-31T11:00:00",
    "end_time": "2025-05-31T12:30:00",
    "description": "計算與公式複習"
  },
  {
    "title": "國文複習時間",
    "start_time": "2025-06-01T09:00:00",
    "end_time": "2025-06-01T10:30:00",
    "description": "文言文與現代文練習"
  },
  {
    "title": "休息時間",
    "start_time": "2025-06-01T10:30:00",
    "end_time": "2025-06-01T11:00:00",
    "description": "舒展身體、喝水"
  },
  {
    "title": "自然科學習時間",
    "start_time": "2025-06-01T11:00:00",
    "end_time": "2025-06-01T12:30:00",
    "description": "複習物理、化學重點"
  },
  {
    "title": "英文寫作訓練",
    "start_time": "2025-06-02T09:00:00",
    "end_time": "2025-06-02T10:30:00",
    "description": "練習英文作文與句型"
  },
  {
    "title": "休息時間",
    "start_time": "2025-06-02T10:30:00",
    "end_time": "2025-06-02T11:00:00",
    "description": "適當休息"
  },
  {
    "title": "數學解題練習",
    "start_time": "2025-06-02T11:00:00",
    "end_time": "2025-06-02T12:30:00",
    "description": "數學題目實作"
  },
  {
    "title": "歷史複習時間",
    "start_time": "2025-06-03T09:00:00",
    "end_time": "2025-06-03T10:30:00",
    "description": "重點史實複習"
  },
  {
    "title": "休息時間",
    "start_time": "2025-06-03T10:30:00",
    "end_time": "2025-06-03T11:00:00",
    "description": "休息"
  },
  {
    "title": "地理複習時間",
    "start_time": "2025-06-03T11:00:00",
    "end_time": "2025-06-03T12:30:00",
    "description": "地理重點整理"
  },
  {
    "title": "英文閱讀時間",
    "start_time": "2025-06-04T09:00:00",
    "end_time": "2025-06-04T10:30:00",
    "description": "閱讀英文文章提升理解"
  },
  {
    "title": "休息時間",
    "start_time": "2025-06-04T10:30:00",
    "end_time": "2025-06-04T11:00:00",
    "description": "輕鬆活動一下"
  },
  {
    "title": "自然科題庫練習",
    "start_time": "2025-06-04T11:00:00",
    "end_time": "2025-06-04T12:30:00",
    "description": "物理化學歷屆試題"
  },
  {
    "title": "國文寫作時間",
    "start_time": "2025-06-05T09:00:00",
    "end_time": "2025-06-05T10:30:00",
    "description": "國文作文練習"
  },
  {
    "title": "休息時間",
    "start_time": "2025-06-05T10:30:00",
    "end_time": "2025-06-05T11:00:00",
    "description": "放鬆心情"
  },
  {
    "title": "數學複習與筆記",
    "start_time": "2025-06-05T11:00:00",
    "end_time": "2025-06-05T12:30:00",
    "description": "整理數學筆記與解題"
  },
  {
    "title": "英文單字小測驗",
    "start_time": "2025-06-06T09:00:00",
    "end_time": "2025-06-06T10:00:00",
    "description": "複習英文單字"
  },
  {
    "title": "休息時間",
    "start_time": "2025-06-06T10:00:00",
    "end_time": "2025-06-06T10:30:00",
    "description": "活動筋骨"
  },
  {
    "title": "國文閱讀理解",
    "start_time": "2025-06-06T10:30:00",
    "end_time": "2025-06-06T12:00:00",
    "description": "國文閱讀與分析"
  },
  {
    "title": "理科綜合複習",
    "start_time": "2025-06-07T09:00:00",
    "end_time": "2025-06-07T10:30:00",
    "description": "自然科（物理化學生物）綜合複習"
  },
  {
    "title": "休息時間",
    "start_time": "2025-06-07T10:30:00",
    "end_time": "2025-06-07T11:00:00",
    "description": "伸展、喝水、放鬆"
  },
  {
    "title": "歷史與地理題目整理",
    "start_time": "2025-06-07T11:00:00",
    "end_time": "2025-06-07T12:30:00",
    "description": "歷史地理各一小時題目複習"
  }
]